Borough,the_geom,OBJECTID,Loc,Street_Nam,From_Stree,To_Street,Index,May07_AM,May07_PM,May07_MD,Sept07_AM,Sept07_PM,Sept07_MD,May08_AM,May08_PM,May08_MD,Sept08_AM,Sept08_PM,Sept08_MD,May09_AM,May09_PM,May09_MD,Sept09_AM,Sept09_PM,Sept09_MD,May10_AM,May10_PM,May10_MD,Sept10_AM,Sept10_PM,Sept10_MD,May11_AM,May11_PM,May11_MD,Sept11_AM,Sept11_PM,Sept11_MD,May12_AM,May12_PM,May12_MD,Sept12_AM,Sept12_PM,Sept12_MD,May13_AM,May13_PM,May13_MD,Sept13_AM,Sept13_PM,Sept13_MD,May14_AM,May14_PM,May14_MD,Sept14_AM,Sept14_PM,Sept14_MD,May15_AM,May15_PM,May15_MD,Sept15_AM,Sept15_PM,Sept15_MD,May16_AM,May16_PM,May16_MD,Sept16_AM,Sept16_PM,Sept16_MD,May17_AM,May17_PM,May17_MD,Sept17_AM,Sept17_PM,Sept17_MD,May18_AM,May18_PM,May18_MD,Sept18_PM,Sept18_MD,May19_AM,May19_PM,May19_MD
Bronx,POINT (-73.9045914073068 40.87919896648569),1,1,Broadway,West 231st Street,Naples Terrace,N,1189,4094,2508,734,2646,2939,802,4015,2631,1125,4310,3420,1001,3475,2832,991,4262,2469,1010,3609,3128,863,4119,2217,997,4440,2687,1328,3820,2428,1288,3328,3365,"1,268","4,315","2,276","1,210","4,710","3,825","1,206","4,590","3,008","1,220","4,384","2,641","1,450","4,646","2,996","1,788","4,980","3,033",1204,4520,2999,"1,246","4,531","2,686","1,309","3,642","2,830","1,916","5,893","2,776","1,111","4,044","2,731","1,271","4,502","2,899","4,464","2,967",-,-,-
Bronx,POINT (-73.92188432870219 40.82662794123289),2,2,East 161st Street,Grand Concourse,Sheridan Avenue,Y,1511,3184,1971,1855,3754,1183,1136,2638,1522,1939,3283,1383,1351,3111,1304,1227,3137,2762,2077,3283,1409,1007,3069,1477,1734,3333,1772,2051,3525,1752,1233,1875,1912,"2,113","4,099","1,970","2,278","4,215","2,288","2,071","3,890","1,832","2,206","4,363","2,315","1,949","4,435","2,388","2,318","4,589","2,483",2005,4790,2512,"2,053","4,721","2,311","2,109","5,485","2,548","1,848","4,920","2,143","2,389","5,952","2,832","1,749","5,148","2,156","4,723","1,604","1,702","4,347","1,576"
Bronx,POINT (-73.89535781584335 40.862154600315115),3,3,East Fordham Road,Valentine Avenue,Tiebout Avenue,Y,1832,12311,14391,1829,9215,15065,1061,8013,7927,2497,10010,8013,1689,8374,7472,2387,10655,6614,2285,10943,10424,2807,12658,7714,2289,15890,9167,2679,13548,8140,2125,7635,7022,"2,704","10,486","7,421","2,710","12,723","8,872","2,651","10,613","8,241","2,699","12,490","6,339","2,752","10,408","8,266","2,382","11,216","7,574",2733,10586,9072,"2,540","11,272","8,422","2,422","11,145","9,775","2,557","12,125","6,499","2,783","12,388","7,076","2,209","9,634","7,066","8,931","6,212","1,625","11,739","7,468"
Bronx,POINT (-73.87892467324478 40.88128699598726),4,4,East Gun Hill Road,Bainbridge Avenue,Rochambeau Avenue,N,764,2673,1798,1360,1975,872,2102,3206,1989,3020,3915,1662,1536,2997,1672,2097,3135,1591,2954,3962,1717,1622,3006,1344,1661,2844,1510,1996,2836,1587,1906,2066,1261,"2,371","3,500","1,620","2,052","3,981","1,979","2,373","3,660","1,914","2,096","3,378","1,333","2,382","3,425","1,339","1,757","3,561","1,714",2256,2923,1574,"2,066","2,944","1,752","2,017","2,771","1,459","2,125","3,130","1,123","2,453","3,429","1,551","1,648","2,892","1,323","2,682","1,693",-,-,-
Bronx,POINT (-73.88956389732789 40.844636776717635),5,5,East Tremont Avenue,Prospect Avenue,Clinton Avenue,N,650,2538,2334,1078,2739,2343,553,2438,1652,756,3095,1374,684,2660,2604,912,3637,2339,1075,5823,4085,1012,5785,3758,1093,6119,4274,1049,5859,3934,627,1503,2371,959,"3,140","2,273","1,007","4,175","2,854",760,"3,488","2,805",971,"3,586","2,460","1,019","3,184","2,366","1,055","3,710","2,554",1063,3296,2466,993,"3,625","2,492","1,101","3,336","2,501",980,"3,700","2,526","1,082","3,330","2,479","1,016","3,781","2,565","3,761","2,461",-,-,-
Bronx,POINT (-73.92087824799184 40.8301585551103),6,6,Grand Concourse,East 164th Street,East 165th Street,Y,489,1235,835,873,1457,631,634,1554,856,771,1445,744,605,1271,539,599,1028,750,597,1426,669,634,1341,738,753,1394,891,802,1396,859,838,1372,1069,936,"1,743","1,059",912,"2,059","1,037",963,"1,726",973,858,"2,035","1,042",972,"1,902","1,097",839,"2,023","1,059",999,1948,1161,767,"1,933","1,010",982,"1,971","1,165",740,"1,909",925,962,"1,872","1,199",757,"1,933",956,"1,986",686,694,"1,881",816
Bronx,POINT (-73.91635737290387 40.816887458348624),7,7,Third Avenue,East 150th Street,East 151st Street,Y,703,8776,2865,858,6503,5501,636,6123,4461,1499,5803,4251,1696,7236,3540,1446,6730,7409,1624,6877,4565,1701,6922,4866,1773,7138,5866,1937,7050,4951,1367,6961,5551,"1,604","7,500","5,012","2,097","8,853","6,599","1,231","6,701","4,294","2,161","9,048","6,717","1,648","9,057","6,785","2,165","9,285","6,721",1690,7894,6844,"2,059","9,097","6,688","1,689","7,885","6,900","2,027","9,045","6,683","1,702","7,883","6,921","1,817","9,048","5,956","9,087","4,470","1,136","6,589","4,967"
Bronx,POINT (-73.86767352599497 40.8555887197195),8,8,White Plains Road,Pelham Parkway South,Lydig Avenue,Y,1025,4039,3991,1743,4667,3309,1638,4798,4858,1056,3194,2489,990,3490,3335,1461,5090,2526,1375,4834,3095,1568,4386,2217,1545,4402,2985,1689,3016,2360,1626,3415,3828,"1,591","5,398","3,851","1,410","4,232","3,007","1,479","4,910","4,056","1,495","5,166","2,540","1,769","4,114","2,893","1,512","4,333","3,122",1537,4379,3092,"1,638","5,900","2,582","1,377","4,098","2,730","1,186","4,673","3,420","2,023","5,520","3,166","1,601","5,059","3,391","4,011","2,566","1,305","5,007","3,326"
Brooklyn,POINT (-74.01119296689038 40.64426682358736),9,9,5th Avenue,51st Street,52nd Street,Y,856,5940,4354,900,5435,5081,886,7054,4806,1062,5072,5901,914,5730,4619,1364,5475,4740,982,5570,5371,946,5585,4577,1350,7743,6135,1445,8170,4999,1306,3662,4731,"1,419","4,864","6,325","1,457","6,509","6,070","1,658","6,627","5,690","1,522","7,718","6,313","1,721","7,988","6,391","1,791","7,802","6,762",1655,7502,6082,"1,531","7,296","6,014","1,642","8,130","5,763","1,517","7,384","5,356","1,563","4,730","5,563","1,197","4,909","4,515","4,821","4,401",652,"1,402","1,125"
Brooklyn,POINT (-73.98067647018506 40.67609353714622),10,10,5th Avenue,Union Street,President Street,Y,504,2207,2225,422,2167,1627,672,2707,966,487,1898,2321,469,2547,2259,774,2310,1690,582,2274,2808,661,3063,2141,631,2915,2852,591,2848,2307,666,1414,2620,723,"3,255","2,468",688,"2,764","2,554",794,"2,513","2,591",800,"3,051","3,080",955,"2,390","1,962",900,"2,492","3,081",922,2955,2681,941,"2,751","3,131",951,"2,911","2,248",812,"2,570","2,298",905,"2,463","1,679",743,"2,252","2,286","2,297","2,196",849,"6,007","4,865"
Brooklyn,POINT (-73.98134205800814 40.66717415129591),11,11,7th Avenue,9th Street,8th Street,Y,2345,4089,2519,2167,3801,1917,3259,4733,2682,2646,3900,3110,2233,3986,2944,2718,4033,2212,2635,3881,3436,2888,5261,2611,2713,4018,3026,1944,3832,2311,2583,2641,3858,"3,050","4,019","3,058","2,917","4,540","3,242","3,241","4,642","2,709","3,479","3,914","3,293","3,009","3,314","2,215","2,165","3,920","2,742",3553,4217,2050,"3,134","4,792","2,925","1,838","4,557","2,520","3,108","4,288","3,721","3,494","4,122","2,450","3,112","4,227","2,968","3,764","1,605","2,117","4,767","2,966"
Brooklyn,POINT (-74.02728680504437 40.622138829200345),12,12,86th Street,4th Avenue,5th Avenue,Y,983,4193,3886,1073,5202,3402,1119,5128,4606,1092,4946,4323,1049,4674,4406,1038,4032,2629,1012,4519,4063,1039,4462,3549,1211,5288,4464,1236,6226,4179,1118,3466,6416,"1,533","5,237","4,778","1,406","5,814","5,289","1,452","5,233","5,124","1,534","5,281","4,049","1,177","5,615","3,740","1,473","6,828","5,036",1678,5514,4362,"1,456","4,475","5,356","1,561","6,338","5,412","1,611","6,632","4,163","1,441","5,004","3,638","1,507","5,359","3,652","5,708","3,513","1,149","5,605","4,176"
Brooklyn,POINT (-73.98983165443039 40.68884781602196),13,13,Atlantic Avenue,Boerum Place,Smith Street,N,357,889,836,356,1063,831,473,1335,742,411,1147,984,363,1216,865,228,902,766,387,1701,1189,399,1385,967,366,1273,1284,376,1175,1366,397,756,1374,499,"1,182","1,469",442,"1,637","1,402",506,"1,561","1,309",440,"1,605","1,816",518,"1,497","1,340",462,"1,528","1,272",498,1807,962,583,"1,916","1,914",561,"1,706","1,385",553,"2,253","2,134",603,"2,018","1,935",581,"2,219","2,137","2,133","1,466",-,-,-
Brooklyn,POINT (-73.95802234844946 40.717557377707685),14,14,Bedford Avenue,North 7th Street,North 6th Street,Y,1852,4462,3432,1875,3619,3254,1823,4299,3526,1951,4778,4048,1544,5501,4110,2001,5136,4045,2179,5234,4727,1773,5090,4184,2434,6391,5872,2109,5692,3690,2817,4144,5649,"1,984","6,429","5,619","2,300","6,527","6,351","2,593","6,261","5,405","2,585","6,453","4,951","3,463","7,600","5,494","2,765","7,266","4,585",2714,6300,4630,"2,621","6,058","5,038","3,410","8,301","5,014","2,930","8,736","6,209","2,566","6,127","3,572","2,938","7,961","4,897","7,524","7,034","3,120","8,882","5,323"
Brooklyn,POINT (-73.96276340616195 40.57732714149911),15,15,Brighton Beach Avenue,Brighton 4th Street,Brighton 5th Street,Y,1204,5968,5178,1215,6095,5230,2002,7419,7729,1828,6420,5920,1411,6106,5935,1537,5590,6140,1332,5744,4994,1489,6080,5098,1427,5859,4093,1608,5520,5463,1183,3189,4868,"1,447","5,272","5,747","1,515","5,960","5,442","1,424","6,068","5,397","1,596","6,037","4,804","1,752","6,397","4,453","1,368","6,314","4,918",1687,5859,5431,"1,471","5,257","5,266","1,531","5,930","5,092","1,791","6,544","4,502","1,575","5,315","4,827","1,566","6,064","4,686","5,788","4,451","1,262","5,598","4,989"
Brooklyn,POINT (-73.94908133692475 40.650831467717374),16,16,Church Avenue,Nostrand Avenue,East 31st Street,Y,2105,4562,1703,2267,4737,2517,1681,3702,2147,2290,3962,2015,2086,4620,1971,2045,4470,1885,2040,4764,2533,2265,4908,2894,2309,4858,2628,2151,4220,1927,1268,1113,3157,"1,966","4,452","2,540","2,557","4,871","3,267","3,074","6,095","3,235","2,453","5,196","2,016","2,792","4,516","2,768","1,925","4,137","2,528",1680,4884,2375,"2,084","3,832","2,282","2,024","4,229","2,040","2,441","3,888","2,533","2,213","3,864","2,368","2,102","4,744","2,435","4,422","2,258","1,710","4,259","2,404"
Brooklyn,POINT (-73.96573732115321 40.64062739307863),17,17,Cortelyou Road,Argyle Road,Rugby Road,N,1708,2459,1233,1324,2495,1431,1756,1952,1317,2014,2704,1961,1762,2478,1553,1856,2345,1533,2110,2977,1731,2587,2997,1809,2195,3492,1883,2489,3097,1823,2120,2381,1854,"2,295","3,066","1,755","2,060","2,936","1,938","1,743","2,692","1,543","1,828","3,007","1,694","1,876","2,878","1,486","1,880","3,042","1,544",1608,2762,2439,"2,074","2,634","1,939","2,570","2,747","3,234","2,052","3,015","1,712","2,598","3,427","2,107","2,056","2,855","2,190","2,625","1,512",-,-,-
Brooklyn,POINT (-73.99249336775775 40.6894253782467),18,18,Court Street,Atlantic Avenue,Pacific Street,Y,1910,3716,3013,1920,3508,2293,1590,3486,2319,1763,3553,2540,1727,4225,2863,1223,2992,2640,1573,4214,2662,1659,4621,3028,2320,4597,3887,2096,3915,4100,1740,2405,3274,"1,932","4,402","3,863","1,687","5,174","3,605","1,952","5,266","3,787","1,844","4,426","4,856","2,126","4,943","4,048","1,761","4,714","7,496",1987,5846,3163,"2,003","5,309","4,003","2,308","4,503","3,170","2,347","5,287","4,713","2,341","5,129","3,671","2,070","4,247","3,937","3,822","3,236","1,901","6,108","4,510"
Brooklyn,POINT (-73.96818725047231 40.67292523718996),19,19,Eastern Parkway,Plaza Street East,Underhill Avenue,Y,739,1572,2534,543,1152,1027,643,1367,2999,785,1274,1759,629,880,2408,755,1496,3102,577,1647,2951,812,1695,2738,412,1792,4699,525,1094,2670,571,1133,2024,"1,228","1,623","1,842",970,"2,269","4,276",752,"2,010","3,458",687,"2,127","3,828","1,026","1,931","2,565",824,"1,884","2,511",995,2042,3333,"1,037","2,601","2,078","1,161","2,381","3,082","1,217","2,749","2,205","1,424","2,276","2,670",971,"1,750","4,437","2,062","3,147",980,"2,047","3,111"
Brooklyn,POINT (-73.9214952312361 40.60892082145514),20,20,Flatbush Avenue,Avenue U,Avenue V,N,329,1770,1355,276,1414,1036,254,1401,1473,286,2034,1238,251,1243,1251,436,1573,1398,424,1731,1563,214,1155,989,269,1083,1283,184,1079,870,197,1071,1765,347,"1,554","1,757",312,"1,827","2,077",307,"1,219","2,014",325,"1,618","1,919",273,"1,622","1,500",453,"1,661","1,523",317,1420,1254,238,816,"1,449",372,"2,698","1,487",386,"1,792","1,387",236,999,939,274,"1,505","1,306","1,361","1,159",-,-,-
Brooklyn,POINT (-73.95882184227794 40.65081053674951),21,21,Flatbush Avenue,Martense Street,Church Avenue,Y,978,5240,5106,917,4188,3097,772,3181,2023,1101,5312,2351,795,5640,1985,1029,4897,3047,1311,4775,2678,1186,4813,4735,837,3982,2197,978,4959,3917,605,482,1855,"1,011","4,044","3,530","1,068","4,481","3,463","1,046","4,091","3,695",912,"4,854","2,505",960,"3,974","2,338",858,"3,832","3,665",1001,4588,3058,"1,280","3,936","3,960","1,037","4,115","2,642",903,"3,955","3,370","1,032","4,343","2,716","1,169","4,352","3,516","3,665","3,299","1,216","5,613","4,416"
Brooklyn,POINT (-73.97390965382397 40.679186993134714),22,22,Flatbush Avenue,St. Marks Avenue,Prospect Place,N,497,1413,1478,547,1095,1191,477,1675,1211,582,1645,1204,544,1499,1378,539,1568,1223,584,1462,1787,529,1616,1168,566,1794,1568,513,1909,1336,1435,1672,2007,645,"1,723","1,727",527,"2,083","2,233",759,"2,257","1,631",631,"1,795","1,920",729,"1,660","1,583",699,"2,090","1,699",685,2542,1486,714,"2,244","1,524",808,"2,407","1,461",895,"2,459","1,794",882,"2,678","1,380",839,"2,224","2,618","2,098","2,091",-,-,-
Brooklyn,POINT (-73.98588670734839 40.69087186438645),23,23,Fulton Street,Lawrence Street,Bridge Street,Y,1478,12249,7411,1803,14617,8643,1789,15733,5051,1673,9081,6790,1548,11949,6307,1330,11540,7892,1209,9358,7390,1271,10239,6091,1507,9556,6993,1507,8732,5690,1431,4254,3267,"1,791","9,605","6,033","1,858","11,211","6,932","1,981","11,392","6,045","1,865","10,265","6,022","2,014","11,906","5,999","2,006","11,648","7,232",1671,10164,5037,"2,045","10,872","6,656","2,289","10,775","6,572","1,785","9,793","6,073","2,003","11,406","6,445","1,927","8,871","6,617","9,704","5,455","1,952","11,619","6,514"
Brooklyn,POINT (-73.94255463338305 40.70340826463375),24,24,Graham Avenue,Moore Street,Varet Street,Y,864,3732,2863,854,3322,3785,740,3066,2552,793,2814,3020,1025,4689,3161,734,3071,2370,867,2880,2940,885,2710,2807,882,4629,2751,1031,4959,1953,886,2172,607,995,"4,250","4,025",818,"4,435","4,035",905,"3,921","3,626",995,"4,051","4,952",944,"4,006","3,491",742,"3,493","3,812",477,2506,2305,742,"3,431","3,438",855,"2,526","2,459",845,"3,061","3,576","1,004","4,347","1,833",724,"3,197","3,287","2,669","3,261",518,"3,124","3,233"
Brooklyn,POINT (-73.9446668043415 40.71156922033023),25,25,Grand Street,Manhattan Avenue,Graham Avenue,N,401,1772,1305,918,3090,1893,359,1063,729,488,1106,1392,316,980,817,365,1468,1303,495,1563,1326,593,1446,1304,316,1433,1228,554,2174,1199,465,829,1352,411,"1,249","1,117",479,"1,596","1,655",526,"1,571","1,280",632,"1,857","1,680",573,"1,537","1,363",487,"1,446","1,233",725,2294,1193,665,"2,094","1,235",746,"2,573","1,146",790,"2,787",965,606,"2,013","1,029",357,"1,373","1,310","1,086","1,301",-,-,-
Brooklyn,POINT (-73.98727479290568 40.69272414021874),26,26,Jay Street,Willoughby Street,Metrotech Walk,Y,1946,3552,3066,3280,6321,1478,2636,5102,1024,2770,4956,1435,2519,5538,1383,2856,3665,962,3201,8284,2572,2384,3781,1496,2259,3458,1530,3240,4962,1756,2850,3362,2432,"4,210","7,426","2,605","3,758","6,695","2,367","3,960","6,873","1,852","2,846","5,959","2,379","2,439","4,358","1,863","4,151","6,908","2,361",2212,4245,895,"2,556","4,267","1,582","3,598","5,068","2,635","3,166","6,533","2,455","4,338","7,010","2,353","2,994","5,323","2,562","5,466","2,025","3,212","5,886","1,765"
Brooklyn,POINT (-73.95959352755617 40.60820146093596),27,27,Kings Highway,East 13th Street,East 14th Street,N,1368,4727,2866,887,3524,2125,1382,4287,2699,1541,5990,3059,1156,5009,3390,1766,5651,3174,1507,5041,2966,1479,5117,2562,1980,5447,2886,2126,5995,3610,1476,3426,1996,"1,744","5,673","2,766","1,552","5,581","2,585","2,397","6,054","3,471","1,512","4,987","2,657","1,636","5,081","2,890","1,653","4,708","2,592",1417,4755,2543,"1,718","4,984","2,680","1,707","4,512","2,387","1,908","5,716","2,655","1,903","5,017","2,548","1,981","5,591","2,649","5,364","2,967",-,-,-
Brooklyn,POINT (-73.99336426671383 40.69453486150847),28,28,Montague Street,Henry Street,Clinton Street,Y,1476,4567,2914,1438,4231,2842,1363,4318,2863,1547,3762,3672,1202,4089,3078,1249,3849,2520,1393,3896,3660,1365,5372,2802,1374,5441,3659,1595,4564,3754,1496,2920,3453,"1,482","4,532","4,419","1,251","4,861","3,189","1,247","3,998","2,795","1,389","4,766","2,946","1,235","3,737","2,920","1,404","4,932","3,042",1501,4284,2182,"1,283","4,017","3,510","1,577","3,695","2,156","1,541","3,588","3,232","1,519","4,121","3,219","1,572","3,732","3,240","3,838","2,738","1,508","4,199","3,330"
Brooklyn,POINT (-73.96931991427776 40.69311464675984),29,29,Myrtle Avenue,Vanderbilt Avenue,Clinton Avenue,N,-,-,-,1129,1818,1182,735,1131,856,-,-,-,622,1689,1135,609,1272,1122,660,1565,1237,955,1315,1366,1055,2432,1329,1073,2129,1228,601,1363,1764,"1,040","2,223","1,705","1,182","2,214","1,843","1,380","2,585","1,717","1,090","3,713","1,457",812,"1,561","2,025","1,271","2,267","1,456",1453,2657,1568,"1,099","2,481","1,694","1,419","2,089","1,621","1,034","1,719","2,095","1,495","2,636","1,860","1,392","2,237","2,052","2,296","1,724",-,-,-
Brooklyn,POINT (-73.9939968076081 40.70274648278767),30,30,Old Fulton Street,Elizabeth Place,Everit Place,N,141,600,875,397,783,658,98,758,807,133,923,1128,103,248,1178,67,332,1349,116,996,1644,157,1382,1846,143,1185,1588,178,984,1604,222,990,1773,173,"1,260","2,572",210,"3,134","2,325",253,"1,620","2,438",208,"1,835","2,578",183,"2,174","2,185",326,"2,888","4,052",269,3126,3388,285,"3,323","3,518",201,"1,481","3,179",244,"2,523","2,985",309,"2,665","2,932",278,"1,891","3,710","2,745","2,797",-,-,-
Brooklyn,POINT (-73.91307856842978 40.669334561930064),31,31,Pitkin Avenue,Bristol Street,Hopkinson Avenue,Y,572,3355,2720,686,3312,3131,546,3372,3254,658,2555,2584,601,3753,1628,664,3174,2270,669,4368,3276,980,2255,2530,666,3112,2657,518,1647,1230,627,2010,2518,840,"3,388","2,534",744,"3,365","2,631","1,791","3,873","2,863",672,"2,262","1,622",757,"2,441","1,922",938,"2,343","2,222",701,2147,2251,636,"2,763","2,358",844,"2,852","3,258",562,"2,708","2,244",807,"2,445","2,582",584,"2,856","2,020","2,537","2,240",485,"3,071","2,744"
Brooklyn,POINT (-73.95475091689498 40.58754340485187),32,32,Sheepshead Bay Road,East 14th Street,East 15th Street,Y,1580,2215,1785,1205,2953,1848,1579,3289,1781,1546,3624,2003,1582,3094,1967,1676,3513,1448,1614,3663,1784,1654,2423,1327,1554,3453,1893,1932,3776,1395,1881,2229,1706,"1,729","3,396","1,825","1,541","2,855","1,271","1,618","3,041","1,557","1,418","2,627","1,366","1,543","2,706","1,381","1,576","3,211","1,220",1625,2555,1497,"1,845","2,841","1,365","1,927","2,664","1,240","1,849","2,820","1,374","1,758","2,840","1,248","1,730","2,904","1,449","2,663",938,"1,514","2,644","1,430"
Brooklyn,POINT (-74.01511472616954 40.67546559688337),33,33,VanBrunt Street,Beard Street,VanDike Street,N,90,232,170,112,317,235,138,380,220,138,490,269,112,186,105,100,204,251,92,91,264,151,304,267,90,251,380,123,246,425,110,516,183,112,303,493,101,290,300,123,309,469,68,260,350,85,336,351,111,295,468,83,324,348,110,244,401,130,257,401,117,262,606,98,295,394,123,414,465,354,434,-,-,-
Brooklyn,POINT (-73.98960330219742 40.70286152714997),34,34,Washington Street,Front Street,Water Street,N,546,1387,851,556,1550,826,544,1476,1390,549,1976,833,1181,995,1264,977,1188,1170,525,1892,1576,466,2048,809,558,2508,1232,732,1972,1469,604,1557,1002,257,"1,371","1,406",742,"3,009","1,408",849,"2,156","1,547",737,"3,362","1,691",780,"3,184","1,349",487,"1,799","1,588",750,3243,1877,930,"3,784","2,763",838,"2,929","2,517",874,"3,978","2,340",986,"3,996","2,905","1,098","3,574","3,408","4,018","2,936",-,-,-
Manhattan,POINT (-74.01155687409947 40.70463665187371),35,35,Broad Street,Beaver Street,South William Street,Y,3469,3992,599,4214,12879,8077,4231,7042,1157,3906,7307,1171,4745,5954,1112,2421,6724,1030,3696,5944,737,4013,6014,922,3879,6839,853,4254,5989,1681,4495,4437,1175,"4,302","6,257","1,341","2,865","4,874","1,273","3,758","5,843","1,466","3,666","5,845","1,149","3,383","5,154",954,"4,177","6,445",993,4622,7161,1411,"4,632","7,093","1,580","4,041","5,893","1,880","3,522","6,747","1,715","4,924","8,303","2,036","4,374","6,603","1,756","6,471","2,010","4,100","7,302","1,669"
Manhattan,POINT (-74.01286204592034 40.70634164448266),36,36,Broadway,Morris Street,Exchange Place,Y,3660,8390,2361,4507,15554,12748,3110,7880,4098,4483,11912,3528,3085,7169,5281,5206,12034,6513,4896,11032,3907,4644,10890,6569,4357,9628,4097,3838,10699,6962,5462,9308,5350,"5,021","12,183","6,297","4,964","12,371","6,990","5,121","11,809","7,564","5,744","12,666","7,947","5,732","16,251","4,691","5,416","14,507","8,321",3935,13111,7254,"5,079","11,126","7,116","3,791","10,156","7,720","6,274","14,040","9,265","7,798","12,650","8,126","5,221","19,725","6,818","10,726","9,615","5,049","11,765","7,029"
Manhattan,POINT (-73.98219706247882 40.77181340301184),37,37,Broadway,West 63rd Street,West 64th Street,Y,1611,6764,4592,1805,5674,4111,1293,6024,5804,2616,8454,5178,1620,2654,5207,2718,6600,4236,1988,8750,5390,2447,9057,6147,1999,8878,5799,1687,7388,4793,2086,4690,8376,"1,881","8,696","6,809","1,986","9,375","6,034","2,577","9,566","7,064","1,775","7,707","5,919","2,686","7,916","4,462","1,870","8,996","7,676",3950,11244,7146,"2,789","8,673","5,003","2,338","8,574","5,944","1,962","6,832","5,446","2,091","9,305","4,663","2,059","6,194","6,037","7,773","5,259","1,696","6,864","4,907"
Manhattan,POINT (-74.01009312926121 40.715904559004194),38,38,Chambers Street,West Broadway,Greenwich Street,Y,7081,8512,2061,7192,8513,5204,6556,10440,2145,5333,5097,2675,7466,10866,1696,8091,8273,1612,6318,9575,6305,8909,11065,2983,6905,11192,2677,14456,11407,4674,5765,4266,2939,"8,185","10,981","4,144","7,735","9,680","4,100","8,232","9,661","3,627","8,140","10,248","1,580","8,806","10,478","1,538","8,324","9,689","2,422",8183,9256,1696,"6,923","9,546","2,994","7,639","8,514","5,458","6,923","9,546","2,994","8,401","9,937","3,302","8,323","8,960","3,630","10,456","3,493","3,075","6,598","2,934"
Manhattan,POINT (-73.97713579908014 40.7796808276313),39,39,Columbus Avenue,West 75th Street,West 76th Street,N,1071,3037,3500,1189,2748,2523,895,2385,3910,1172,3306,3171,1041,1761,3084,2248,4408,2629,1507,3464,3633,1632,3907,3407,1520,4024,4157,1497,3598,2442,1603,2283,3703,"1,601","3,898","4,216","1,676","4,358","4,968","1,646","3,998","4,070","1,451","4,420","4,246","1,633","3,272","3,271","1,218","4,604","6,597",2387,8626,3766,"1,892","4,594","4,162","1,852","3,277","4,522","1,558","3,627","2,690","1,592","3,626","2,977","1,524","3,905","3,780","3,794","2,451",-,-,-
Manhattan,POINT (-73.98936305063111 40.71898935935355),40,40,Delancey Street,Orchard Street,Ludlow Street,Y,1085,2733,2529,1433,4104,2701,1015,2947,2718,958,2218,1635,869,1680,1378,1664,4708,2233,940,2702,2093,1396,2912,1861,1036,2741,2119,969,2606,1592,1451,2495,2514,"1,616","4,262","3,385","1,472","4,415","3,776","1,594","4,278","2,951","1,558","4,792","2,809","1,636","4,480","2,626","1,357","4,543","3,367",1557,4809,1973,"1,746","5,086","3,197","1,847","4,847","3,032","1,647","4,534","3,295","1,634","3,238","2,420","1,851","4,772","3,249","4,010","3,034","1,704","4,692","3,351"
Manhattan,POINT (-73.99265748471083 40.735599264238246),41,41,East 14th Street,Fifth Avenue,University Place,Y,2265,13723,4761,2084,13965,5004,3000,11119,10041,2682,14451,7391,2946,17128,7151,3135,15654,7300,2480,13830,6559,2952,14895,6008,2726,18830,9130,2803,16102,7005,2607,8641,8997,"2,730","13,560","8,102","3,034","17,519","8,918","2,930","14,597","7,377","3,029","12,888","8,876","3,248","14,486","6,765","3,462","13,830","9,616",3868,15862,6103,"3,017","14,947","7,465","3,979","16,487","6,253","3,303","18,021","10,204","4,251","19,584","5,078","2,601","14,123","6,924","11,932","6,408","1,704","4,692","7,036"
Manhattan,POINT (-73.97665547944715 40.751694735123834),42,42,East 42nd Street,Park Avenue,Lexington Avenue,Y,7485,15513,6239,6664,16133,4885,6149,15315,4689,5437,13819,6455,8306,21051,6303,7433,20672,5006,7210,17256,5715,9320,16289,5193,7149,16756,6308,8729,16342,5287,8083,12937,6480,"7,362","16,933","6,857","7,478","18,085","6,703","7,700","17,327","7,617","8,461","17,127","5,692","7,278","18,044","4,682","8,428","16,039","6,560",8690,17425,5608,"13,311","28,056","9,351","8,253","16,376","6,400","9,241","20,258","6,428","8,551","16,529","6,279","8,452","19,998","5,873","23,025","8,808","9,414","16,061","5,619"
Manhattan,POINT (-73.99441204702927 40.731436017707026),43,43,East 8th Street,University Place,Greene Street,N,944,5422,2254,952,5782,2736,1052,6359,3097,975,5623,2947,884,4929,2506,1064,5810,2736,1035,5137,2588,1291,5350,2367,926,5171,2968,980,5290,2417,1134,2830,2846,"1,084","6,025","2,600","1,111","5,771","2,830","1,087","5,550","3,066",824,"3,902","2,237","1,200","5,118","2,335","1,113","3,873","2,756",1183,5024,2220,"1,267","5,138","2,661","1,457","6,299","2,276","1,352","4,866","2,682","1,212","5,016","1,690",905,"5,073","2,276","5,929","3,014",-,-,-
Manhattan,POINT (-73.98861503057542 40.75884828352126),44,44,Eighth Avenue,West 44th Street,West 45th Street,N,2735,8412,12143,8533,23290,16629,10246,33290,13498,5753,13671,9753,8366,16730,5749,7495,14628,4423,5196,16136,8685,3841,10130,7476,6058,20010,7261,5684,13805,8406,5608,13250,9213,"6,265","18,303","9,065","6,561","19,195","9,577","6,729","18,822","9,879","7,027","17,164","7,998","7,906","21,946","10,243","8,133","22,625","8,990",7222,19064,6468,"7,800","28,019","10,030","7,160","21,141","8,346","8,389","25,824","9,745","7,802","23,979","12,536","9,734","28,309","11,806","24,112","9,241",-,-,-
Manhattan,POINT (-73.97514418621735 40.76135361091173),45,45,Fifth Avenue,East 54th Street,East 55th Street,Y,3081,16471,13891,3432,23840,11707,3974,25732,18273,4089,20929,16307,3385,20508,10507,8483,22495,11485,4013,18701,12727,3771,24601,12752,3285,26106,12370,3968,18993,15946,3189,14533,13555,"3,472","22,800","14,405","3,858","20,485","15,398","3,951","20,202","14,353","3,616","20,639","16,089","3,980","20,528","15,513","4,113","26,831","12,417",3637,20999,11320,"4,443","22,351","12,712","4,360","22,274","12,247","6,445","23,214","11,394","2,985","19,551","11,576","6,266","23,182","16,299","18,048","16,022","3,892","16,971","10,229"
Manhattan,POINT (-73.99451531515767 40.71493552371373),46,46,Forsyth Street,Canal Street,Division Street,N,1373,7481,4703,1290,3506,3583,1190,4763,4504,1598,5879,5347,1269,5187,4981,2184,6998,3800,1353,5832,4961,2660,4606,3443,1150,5796,3298,1217,5186,2888,1153,3570,4359,"1,537","5,951","4,342","1,586","4,688","3,965","1,671","4,954","3,869","1,552","5,110","3,810","1,517","5,461","3,043","1,297","6,222","3,029",1451,5129,2811,"1,258","4,788","3,174","1,334","4,059","2,994","1,391","6,610","4,469","1,336","3,305","2,866","1,509","6,451","4,437","5,535","3,962",-,-,-
Manhattan,POINT (-74.0084036486757 40.7105537674607),47,47,Fulton Street,Broadway,Nassau Street,Y,4530,9162,2495,3446,5498,1835,4614,9415,3553,5041,9322,2043,5539,8901,2464,2544,6708,2847,3922,7398,2319,4280,8945,4578,3881,7535,3855,4137,10248,4274,4192,6091,3172,"4,635","9,180","3,327","4,543","8,727","3,473","4,216","7,922","3,202","3,425","7,732","2,698","3,457","7,212","1,856","3,595","8,002","2,259",4127,7037,2706,"3,460","8,459","3,542","4,039","6,740","3,425","4,637","9,223","4,792","3,625","6,414","3,704","3,191","6,681","4,242","7,838","4,297","3,712","7,632","3,569"
Manhattan,POINT (-74.00451806937401 40.7080627209577),48,48,Fulton Street,Cliff Street,Pearl Street,N,2593,6755,3167,1902,5113,2637,2112,8540,4686,2596,7309,2888,3544,7324,2992,2098,5479,2685,1982,6308,2593,2647,7119,2502,2633,8206,5151,2091,5561,3650,2611,4285,3775,"2,760","7,767","3,652","2,887","7,392","4,899","2,732","5,578","3,251","2,466","5,850","2,506","2,963","7,062","2,510","2,584","5,436","3,590",3251,5359,3257,"3,207","9,604","3,429","2,894","7,597","3,555","1,977","4,998","4,729","2,846","7,266","2,938","2,610","6,366","2,705","6,723","4,325",-,-,-
Manhattan,POINT (-73.96888735867235 40.76126460795223),49,49,Lexington Avenue,East 57th Street,East 58th Street,Y,4502,21634,5687,4251,11296,5302,4034,20893,6619,4231,11009,5962,4122,8661,5705,3272,10679,4786,4123,11641,4676,5082,11880,4208,3742,12143,5814,3908,11014,4528,4678,8412,4332,"4,587","12,345","4,900","4,138","12,682","5,924","4,566","11,639","5,661","3,800","14,129","5,956","4,298","11,716","5,628","3,205","8,111","5,894",5870,18125,3484,"4,931","12,301","4,583","4,625","12,007","4,892","4,489","12,400","3,894","4,656","10,732","4,176","4,218","9,699","4,155","10,451","3,828","4,483","10,685","3,991"
Manhattan,POINT (-73.96568512678532 40.771440622634515),50,50,Madison Avenue,East 71st Street,East 72nd Street,N,667,3760,3090,680,3204,2495,571,4254,3073,1014,2687,4099,677,1726,2088,635,3250,1817,706,2918,2830,832,3114,2340,712,3602,2895,611,2998,2159,837,2238,2492,966,"3,899","3,283",729,"3,183","3,102",858,"3,034","2,455",722,"3,912","2,633",739,"2,983","1,630",760,"3,247",760,2235,7220,2690,718,"2,988","2,480","2,142","6,911","2,160",624,"2,681","2,185",786,"2,495","1,711",770,"3,779","1,863","3,191","1,510",-,-,-
Manhattan,POINT (-73.99134284997088 40.749996387066524),51,51,Seventh Avenue,West 32nd Street,West 33rd Street,Y,10084,25156,9261,8803,23825,10476,7566,23312,11362,8407,24311,11704,7356,29526,12533,13552,27632,11537,12189,22390,10615,8422,22613,10902,8954,23314,10625,11445,23015,12765,10782,18101,12342,"13,647","28,208","10,690","11,898","26,609","11,146","12,365","28,392","11,374","13,677","26,062","11,781","12,246","27,744","10,281","17,191","35,990","50,827",9103,25197,10439,"11,410","31,856","16,847","11,099","38,885","13,500","9,740","24,343","10,861","9,523","23,193","10,593","12,171","29,618","9,733","30,194","13,037","11,623","24,186","11,541"
Manhattan,POINT (-74.01257537541983 40.70835161274032),52,52,Trinity Place,Rector Street,Thames Street,N,4552,7164,2286,4982,14290,9826,4814,7983,2754,3362,5228,1688,2770,4090,2393,4886,5836,2634,2224,3889,1808,3107,4424,2570,2629,4933,2270,2701,4312,3636,2283,3602,2734,"2,821","4,897","3,033","2,216","4,530","3,238","2,512","4,332","2,627","2,431","4,504","3,980","2,346","5,095","1,738","3,007","5,964","3,744",1527,5592,2104,"2,246","4,073","2,607","2,344","4,403","3,024","2,261","4,475","1,754","2,306","4,271","2,993","1,554","4,381","1,738","4,631","3,062",-,-,-
Manhattan,POINT (-74.01098647762808 40.707335375590624),53,53,Wall Street,New Street,Nassau Street,Y,3784,5560,2733,8065,14469,8295,6842,11264,4814,7476,15167,4035,6149,9608,4402,3506,12635,5695,6247,12186,3755,6885,14303,4636,6485,13176,5906,6219,13724,6742,6004,7844,6167,"6,733","11,023","5,284","5,354","11,111","5,430","5,405","10,140","5,763","6,072","10,741","5,827","7,981","11,310","4,959","5,681","10,717","5,430",6547,9135,6261,"6,759","14,575","5,836","6,445","11,300","6,516","5,733","10,277","5,651","5,792","10,494","6,854","4,643","10,661","4,623","9,628","5,572","5,453","9,823","5,141"
Manhattan,POINT (-73.94703781905247 40.80842973710489),54,54,West 125th Street,Adam C. Powell Boulevard,Lenox Avenue,Y,1706,7519,3949,1638,7546,5084,1921,7831,5219,2152,7681,4484,1277,8561,3984,2398,7903,5492,2042,7855,7142,2388,8710,6443,2231,8165,6800,2582,8638,6698,1900,5255,5603,"2,126","8,851","5,540","2,121","9,253","5,586","2,476","9,667","5,256","2,123","8,114","5,767","1,985","7,754","5,434","2,308","8,328","5,792",2070,8046,5588,"2,129","8,010","5,791","2,077","8,199","5,483","2,227","7,957","5,857","1,979","8,087","5,486","2,144","8,074","5,852","7,664","4,762","1,448","8,740","5,437"
Manhattan,POINT (-74.00384095197926 40.740305392828915),55,55,West 14th Street,Hudson Street,Eighth Avenue,Y,1540,5089,2960,1902,5474,2337,1520,6274,2701,1568,5664,2936,1360,6047,2485,2047,6649,3890,1458,6221,3057,2159,7055,3974,1800,8911,4963,1949,11166,3514,2106,4993,4335,"2,024","9,462","5,285","2,078","9,234","5,257","2,176","9,180","4,950","5,272","11,953","6,519","2,032","8,263","4,419","1,935","8,995","4,635",2075,8066,4751,"2,150","8,456","6,081","2,193","8,523","4,507","1,769","8,995","5,170","2,128","9,186","3,972","2,252","9,369","5,848","7,133","5,444","2,168","8,860","4,932"
Manhattan,POINT (-73.93434784508338 40.84958094443504),56,56,West 181st Street,St. Nicholas Avenue,Wadsworth Avenue,Y,1305,6516,3281,1685,5562,4725,1071,7420,4174,1238,7394,4432,1032,6680,4881,1212,8747,3926,1448,8364,4679,1212,7940,5056,1375,8257,4476,1198,8012,5040,1307,5254,5567,"1,245","6,921","7,461","1,266","7,442","5,704","1,321","7,409","6,194","1,372","7,225","4,492","1,399","7,357","6,125","1,380","7,230","4,512",1428,7544,6184,"1,380","7,476","4,671","1,422","7,555","6,295","1,343","7,407","1,343","1,386","7,668","6,307","1,549","7,984","4,937","8,036","4,903","1,196","6,010","4,361"
Manhattan,POINT (-73.98934552114228 40.75045405486469),57,57,West 34th Street,Broadway,Seventh Avenue,Y,12000,28123,12528,10326,32673,14201,12391,32736,14646,11051,29019,16268,12690,21943,13971,11941,27764,12044,13421,30544,10055,10010,30103,9900,9969,31701,14182,11279,27249,11137,13645,18969,13790,"13,348","26,865","13,036","11,672","28,348","15,594","12,232","30,743","13,107","15,806","29,150","10,806","13,152","25,591","12,222","12,297","26,852","12,297",10197,25687,11670,"13,835","33,102","12,029","9,272","25,365","15,233","11,874","25,185","10,944","14,215","25,734","17,262","13,511","30,643","12,904","31,953","13,000","12,694","28,606","11,452"
Manhattan,POINT (-73.98335689692979 40.75284360634033),58,58,West 40th Street,Avenue of the Americas,Fifth Avenue,Y,5454,11571,2639,5284,11208,2606,6019,10301,2175,6258,8616,2905,5064,10654,1664,6160,13985,2136,6479,11224,2868,7467,12457,2417,5540,11750,2943,6362,11933,1973,8340,8884,2616,"7,269","14,127","3,055","5,930","12,133","2,321","6,499","12,234","3,167","6,020","12,837","1,693","7,673","14,418","2,779","7,085","13,064","2,413",6415,13370,2258,"7,257","20,533","3,407","6,089","13,479","2,753","5,923","11,981","3,672","7,553","16,774","3,818","7,334","16,566","2,921","14,682","3,718","6,275","13,456","2,734"
Manhattan,POINT (-73.98017962622333 40.757338486389884),59,59,West 47th Street,Avenue of the Americas,Fifth Avenue,N,3897,14939,2201,3043,14487,1475,4899,13996,1401,2953,9805,2389,3463,10636,2119,3647,10736,1862,3972,12733,1765,3941,8928,1736,5618,11433,2623,3348,9064,1763,3620,8316,2021,"3,450","10,003","2,170","4,463","11,828","2,227","4,002","12,205","1,978","4,090","13,502","2,681","5,009","12,687","2,559","4,041","12,351","2,296",4128,11969,1973,"5,117","14,037","2,772","4,758","13,021","2,720","3,585","12,022","2,121","2,696","12,024","2,551","3,371","9,199","1,904","10,349","2,330",-,-,-
Manhattan,POINT (-73.96829307507049 40.75519022033234),60,60,Second Avenue,50th Street,51st Street,Y,2335,5371,2066,2259,5431,2047,2077,4957,1776,2002,3574,2202,1605,4840,1933,1669,4029,1493,2091,4311,2690,2162,4299,2031,1853,4564,2391,2008,4548,2181,2159,3654,2578,"2,527","5,238","2,767","2,425","5,912","2,277","2,415","5,529","3,284","2,507","5,358","2,405","2,660","4,863","1,616","2,257","5,259","1,872",2534,6619,1894,"2,255","4,484","2,836","2,521","5,715","2,751","2,604","5,938","2,490","1,850","4,501","1,904","2,971","7,314","2,988","5,394","2,708","2,527","5,494","2,982"
Manhattan,POINT (-73.97053303866996 40.756137585644126),61,61,Third Avenue,50th Street,51st Street,N,5504,8447,2827,6329,11003,2475,4733,10036,2296,5547,15473,2501,3804,9823,2537,5516,11033,2466,5302,9590,2648,2350,7303,2373,5849,11011,3397,6198,10387,2777,5073,6995,2766,"5,778","11,225","2,933","5,793","11,707","2,738","6,457","12,336","3,442","5,237","7,708","2,825","4,063","7,625","2,312","5,825","11,919","2,274",5920,12416,2473,"5,016","10,549","2,962","4,837","8,838","2,656","5,965","12,548","2,926","5,148","11,761","2,136","5,999","11,973","2,592","9,956","3,119",-,-,-
Manhattan,POINT (-73.97213382742112 40.756810835163805),62,62,Lexington Avenue,50th Street,51st Street,N,5730,10557,4805,5124,10010,2600,5659,12883,2968,6153,20071,3229,3614,7280,3131,4243,9235,2768,5812,12143,2781,4941,6260,2481,6003,12261,2708,4610,9722,3331,5610,7253,3075,"6,127","11,630","3,781","4,876","9,020","3,524","6,174","11,573","3,613","6,038","13,374","4,716","7,870","13,083","3,056","7,312","13,958","3,041",5822,11681,2816,"3,851","10,651","3,776","4,532","10,213","2,900","6,508","12,931","3,247","5,614","9,926","2,480","5,786","13,307","3,289","10,525","2,743",-,-,-
Manhattan,POINT (-73.97385284104773 40.75753624831211),63,63,Park Avenue,50th Street,51st Street,Y,6824,10653,2025,7868,12535,1137,5201,10800,1113,6059,18973,1460,4068,8087,1464,5358,10971,1560,5342,10497,1471,4100,10317,1538,5118,9773,1598,6862,9879,1985,5774,6601,1378,"6,951","13,358","2,125","6,103","10,628","1,534","6,458","11,376","2,239","6,896","12,018","1,897","4,229","8,301","1,001","7,063","10,745","1,730",6279,11439,1405,"4,639","10,165","1,969","6,021","9,465","1,811","7,630","13,654","1,362","5,576","10,725",895,"5,166","9,687","1,209","10,011","1,328","6,202","10,611","1,111"
Manhattan,POINT (-73.97536263666144 40.75817343083516),64,64,Madison Avenue,50th Street,51st Street,N,4204,9307,3297,3997,9188,2239,2407,5634,2144,3139,8742,1643,2498,7990,2281,4161,9773,4224,3589,9460,2104,2451,6184,2054,3694,8962,2678,3582,8710,4161,3903,6394,2539,"3,810","9,559","2,740","3,806","9,398","2,004","4,026","11,649","2,676","3,943","8,762","2,568","3,999","9,766","1,974","3,422","10,220","2,685",4049,10719,1974,"4,156","9,431","2,556","3,384","9,498","2,059","3,733","10,241","2,080","4,032","9,340","1,479","3,510","9,823","2,362","10,063","2,649",-,-,-
Manhattan,POINT (-73.97697246269053 40.758851359587396),65,65,Fifth Avenue,50th Street,51st Street,N,5565,18855,12954,4759,14718,11866,5685,28077,16851,5006,20879,14623,3770,25268,11494,5019,20562,11446,4360,28429,10440,3503,16915,13044,4424,24803,11311,5211,18865,13084,3886,16819,12325,"4,642","25,523","16,286","4,375","20,567","13,542","5,217","20,548","11,730","4,757","22,388","16,189","3,900","16,284","10,995","5,111","23,968","17,081",3311,12523,10262,"5,069","23,382","15,398","6,371","20,399","14,273","3,869","17,620","14,224","5,221","22,146","15,522","3,426","15,500","10,479","25,452","13,558",-,-,-
Manhattan,POINT (-73.98019868261785 40.76021178450931),66,66,Sixth Avenue,50th Street,51st Street,N,8288,17222,7527,9097,20504,14386,8627,23153,7523,7647,23605,7729,4880,14500,5385,8591,25013,8340,7753,22076,7042,7565,23463,6787,7109,17964,6532,6353,16219,6910,5885,11446,4718,"6,755","18,750","5,962","7,344","21,852","9,578","8,653","20,989","8,928","6,754","20,361","8,167","7,757","18,925","5,550","8,382","19,830","7,573",7899,22568,6896,"8,539","20,057","8,095","8,451","20,123","8,578","9,078","21,417","7,852","7,749","17,784","7,483","8,719","31,236","5,443","19,964","3,591",-,-,-
Manhattan,POINT (-73.98303507483828 40.76140611887661),67,67,Seventh Avenue,50th Street,51st Street,N,4490,9683,9375,4952,13179,6120,6100,18254,7303,6446,20666,9077,4052,11765,5383,5238,21134,8703,4683,18116,5245,4730,18128,4951,3580,12448,4956,5207,11867,6135,4125,8700,6298,"5,521","15,077","6,800","5,266","14,066","6,575","4,947","12,929","5,974","4,404","13,341","8,216","4,307","13,090","6,401","4,661","14,752","7,617",6388,13831,6692,"5,324","14,088","6,798","5,972","14,583","7,043","6,066","12,107","5,963","5,100","13,429","6,408","5,689","15,258","5,905","15,681","7,179",-,-,-
Manhattan,POINT (-73.98383919698608 40.76174395517822),68,68,Broadway,50th Street,51st Street,Y,3651,11214,9134,4158,12401,9352,2973,11426,7308,4316,14026,8443,3151,8475,6386,3934,11771,8480,3893,12065,5874,4222,13896,6784,3883,13185,5734,3680,11856,5699,3337,9640,7974,"5,221","13,664","7,514","3,744","13,639","9,366","3,841","13,493","7,740","3,763","16,899","7,208","3,693","9,794","6,292","3,711","15,263","7,523",5050,13880,7486,"4,761","16,986","7,928","5,458","15,559","7,641","4,902","16,330","6,214","6,000","17,338","9,274","2,987","10,248","7,929","14,546","6,917","3,885","15,193","7,587"
Manhattan,POINT (-73.98589867014988 40.76257065006471),69,69,Eighth Avenue,50th Street,51st Street,N,2817,7362,5118,3971,8561,5391,3752,10656,5858,4184,12792,7798,3054,9975,4793,3549,12643,4837,3513,10332,4192,3616,11171,4140,3465,11368,4276,3626,9549,5309,3403,7429,5619,"3,834","9,893","5,097","3,858","12,261","6,363","4,311","12,194","6,721","4,178","15,305","8,567","3,459","12,050","5,719","3,675","12,228","8,666",4543,13075,4924,"4,446","16,529","7,359","4,669","16,089","6,486","4,816","16,366","7,899","4,829","12,806","4,777","4,365","12,765","7,613","12,501","7,489",-,-,-
Manhattan,POINT (-73.99694382805036 40.76731243251923),70,70,Hudson River Greenway,50th Street,51st Street,N,190,382,310,129,342,363,90,103,186,194,234,216,27,192,64,190,269,436,280,453,201,273,313,469,307,563,487,233,141,1515,255,118,1948,363,494,832,291,760,"2,519",362,639,"1,043",211,528,985,507,593,"1,051",241,620,631,281,694,733,244,619,625,339,553,483,255,537,584,268,649,950,249,667,481,458,901,-,-,-
Queens,POINT (-73.79555468117455 40.70653426935821),71,71,165th Street,89th Avenue,Jamaica Avenue,N,824,3972,2800,717,4789,3429,710,4372,2787,882,3550,2237,804,4812,3254,727,5177,3428,757,2814,3621,970,7848,3875,979,6751,3698,992,5450,4133,750,2898,4713,828,"5,531","3,311",895,"5,050","4,363",979,"4,207","3,073",763,"4,317","3,923",848,"4,106","2,048",721,"3,827","2,517",987,4981,3101,965,"3,676","3,653","1,071","3,859","3,809",782,"5,360","3,509","1,165","4,684","4,333",455,"3,877","2,641","2,658","2,232",-,-,-
Queens,POINT (-73.89225364571111 40.748911553014786),72,72,37th Avenue,73rd Street,74th Street,Y,1002,4106,3142,1159,4398,3500,1058,4594,3367,1592,5184,3561,1236,4575,2782,988,3551,2574,1113,4116,2710,1361,4279,3412,1406,5929,3648,1410,5977,2618,1244,3408,3457,918,"4,761","3,605","1,210","3,556","3,188","1,349","5,683","3,742","1,347","4,926","2,877","1,720","5,356","2,660","1,215","4,757","2,564",1193,5667,2780,"1,258","5,240","2,319","1,332","4,646","2,305","1,256","4,618","2,495","1,378","4,375","2,787","1,242","4,233","2,949","4,960","2,985",681,"4,187","3,023"
Queens,POINT (-73.88412639509387 40.74873155074405),73,73,82nd Street,37th Avenue,Roosevelt Avenue,Y,1739,4753,3114,2933,8401,6054,2299,6851,2650,2130,3541,5198,2733,10839,6515,2545,7483,4969,2850,10144,7431,3949,14738,7602,2506,10249,5125,2649,9941,5022,2088,2972,5854,"2,642","8,772","6,132","2,662","9,288","6,726","2,674","8,868","6,825","2,510","8,668","4,657","2,888","8,781","4,539","2,640","8,479","5,501",3047,8648,6037,"2,868","9,190","5,285","2,905","8,768","6,429","2,920","8,534","6,133","2,776","8,450","6,170","2,774","8,927","4,252","8,486","5,238","2,016","8,641","5,491"
Queens,POINT (-73.84534157919526 40.7203657448148),74,74,Austin Street,71st Ave,70th Road,Y,622,4356,2227,514,3127,2891,1585,4355,2433,705,4216,2469,729,4351,2420,728,4407,2891,657,4232,2388,799,4039,3631,657,3971,4326,768,4435,3200,940,2985,3954,834,"4,530","4,376",995,"5,334","5,522","1,166","5,008","4,238",787,"4,128","3,621",840,"4,566","3,357","1,037","5,267","4,120",669,3653,3956,871,"5,007","3,938",902,"3,818","3,199",787,"5,835","4,623",866,"4,765","2,387",700,"4,454","4,273","4,906","2,908",770,"5,059","3,635"
Queens,POINT (-73.77114917957029 40.763933421154),75,75,Bell Boulevard,40th Avenue,41st Avenue,N,549,1578,968,597,1802,1209,469,1292,1282,513,1217,1160,481,1656,785,426,1506,855,553,1958,1095,650,1739,800,617,2106,1562,503,1836,1020,552,775,1241,576,"1,699","1,265",496,"1,807","1,226",497,"1,472","1,575",754,"1,880","1,874",815,"2,136",950,853,"1,644","1,962",781,2092,1162,"1,002","2,149","1,973",879,"2,479",756,637,"1,484","1,573",632,"1,788","1,369",762,"1,558","1,054","2,607","1,481",-,-,-
Queens,POINT (-73.89530306861195 40.702876659989485),76,76,Fresh Pond Road,Cypress Hills Street,70th Avenue,N,467,954,649,541,965,565,413,980,414,530,1028,463,511,827,447,484,875,514,429,919,636,509,911,590,444,1007,644,286,755,747,455,197,1241,482,799,603,426,918,607,442,"1,008",555,349,787,380,535,805,531,302,"1,017",425,662,975,643,515,661,385,531,668,346,499,559,391,371,491,376,176,311,191,254,195,-,-,-
Queens,POINT (-73.79247827489311 40.71091966309363),77,77,Hillside Avenue,169th Street,170th Street,Y,1693,3280,2006,1429,2988,2165,836,3442,1693,923,3784,1553,799,3564,1854,826,3811,2184,889,3747,2154,977,3997,1710,991,3977,2348,1069,3531,1453,902,1904,2388,"1,063","3,427","1,615","1,211","2,973","1,509",930,"3,392","1,943","1,314","4,635","1,970",668,"3,240","1,791",824,"3,709","1,899",982,4146,1805,988,"3,577","1,712",959,"3,719","1,668",824,"3,545","2,480","1,131","1,691","1,146","1,015","2,556","2,657","2,820","2,032",936,"2,520","1,537"
Queens,POINT (-73.93947115150922 40.74817129070958),78,78,Jackson Avenue,Queens Street,42nd Road,N,354,425,108,411,408,62,380,509,112,348,382,69,451,360,79,242,424,288,294,319,238,326,406,213,401,463,159,403,482,157,669,463,222,631,535,198,647,632,300,694,960,296,668,897,284,660,600,129,338,614,234,520,1081,264,526,"1,056",742,723,"1,211",326,707,999,758,818,959,522,884,"1,374",940,"1,685","1,473",-,-,-
Queens,POINT (-73.80593752065843 40.70182238071841),79,79,Jamaica Avenue,148th Street,149th Street,N,813,3336,2133,639,3384,2246,621,3020,2458,735,2789,1896,747,3443,2598,698,3324,1861,651,2492,2498,821,1942,2261,789,2601,2769,602,3152,2373,708,2150,2175,723,"2,766","2,423",751,"3,245","2,297",817,"2,821","2,063",782,"2,766","2,096",530,"2,948","1,807",896,"3,321","2,400",769,2291,2036,896,"3,171","2,131",996,"3,328","1,687",825,"3,599","1,562","1,625","3,046","2,379",887,"3,589","2,486","2,516","2,302",-,-,-
Queens,POINT (-73.79726496612192 40.704505550443585),80,80,Jamaica Avenue,162nd Street,Guy R. Brewer Boulevard,Y,1390,11407,5326,1636,12671,5988,949,8011,7008,1259,9860,4666,1286,9724,4969,1149,10148,5407,1149,7372,8770,1350,7149,6271,1495,11961,7961,1363,13426,9834,1566,7315,8328,"1,414","9,346","7,293","1,521","8,935","5,882","1,430","7,896","7,105","1,359","10,063","7,273","1,465","10,097","7,681","1,215","6,715","4,764",1697,8924,4798,"1,280","6,167","5,079","1,326","6,383","4,747","1,413","9,075","5,155","1,228","10,284","7,037","1,366","8,544","7,393","8,103","5,962","1,238","9,483","5,662"
Queens,POINT (-73.85779008961042 40.692596324758554),81,81,Jamaica Avenue,86th Street,87th Street,N,790,2313,1864,894,2188,1597,644,2007,1531,776,2158,1746,758,1892,1710,678,1987,1478,784,2486,1634,842,2367,1397,788,1758,1952,1095,2465,1537,704,1157,1320,912,"1,925","1,295",867,"2,065","1,690",835,"1,902","1,643","1,005","1,914","1,652","1,036","1,874","1,224","1,159","2,138","1,616",1352,2203,1312,"1,005","1,845","1,425","1,234","1,685","1,420","1,190","1,616","1,585",887,"1,287","1,524","1,582","2,187","1,296","2,317","1,422",-,-,-
Queens,POINT (-73.83093435527091 40.76118578331913),82,82,Main Street,37th Avenue,38th Avenue,Y,1805,6685,8266,1560,5818,7615,1444,5548,8784,1316,4706,9169,1563,5406,5867,2008,7670,6584,1558,6559,7886,1942,7235,6510,1644,8323,7368,2031,6043,6721,2450,5932,4723,"2,581","7,948","8,447","2,266","8,751","8,554","2,169","7,998","7,097","2,068","8,045","6,733","2,291","8,105","4,731","2,333","8,040","5,555",1977,8652,5557,"2,005","7,775","6,579","2,524","8,379","6,689","2,782","8,993","8,675","3,807","11,109","7,963","2,457","8,309","8,395","8,521","6,662","2,179","8,440","6,409"
Queens,POINT (-73.78539020907581 40.69769336243354),83,83,Merrick Boulevard,108th Drive,169th Place,N,63,149,57,70,108,80,98,207,76,54,87,94,26,105,63,32,132,75,62,149,86,163,310,79,163,335,305,189,368,189,87,132,119,83,139,130,162,220,178,112,387,166,89,232,134,150,267,176,90,202,76,84,165,89,68,231,95,93,177,105,74,195,44,97,171,115,54,61,54,201,115,-,-,-
Queens,POINT (-73.75250126721374 40.60402338526252),84,84,Mott Avenue,Smith Place,Central Avenue,N,927,2468,1985,661,2785,2132,1362,2309,1208,891,2311,1734,735,1958,1850,892,1952,2222,727,1796,2056,868,1543,1736,820,1836,2116,1131,3664,1430,692,1338,2454,850,"2,119","1,983",658,"2,003","2,007",728,"1,629","1,618","1,451","3,319","2,154","1,017","2,827","2,025","1,084","2,030","1,150",730,1659,1574,729,"1,581","1,554",942,"1,791","1,580",851,"2,248","1,745",813,"1,644","1,614",655,"1,006","1,034","1,186","1,153",-,-,-
Queens,POINT (-73.91018834116498 40.69967093544046),85,85,Myrtle Avenue,Palmetto Street,Woodbine Street,Y,1245,5324,5741,1342,5867,5109,1358,6221,3214,1468,4978,3577,1316,5135,3101,1128,5053,3619,1238,4634,3218,1541,5641,2977,1296,5433,3383,1349,5349,3560,1397,3596,3082,"1,378","4,588","3,706","1,389","4,999","3,702","1,487","4,681","3,449","1,322","4,948","3,167","1,572","4,351","3,291","1,481","3,756","2,562",1328,2141,2505,"1,346","4,035","2,505","1,350","4,110","2,605","1,458","4,242","2,709","1,271","3,736","2,391","1,565","3,514","2,133","2,978","2,106",990,"4,008","2,479"
Queens,POINT (-73.90192709081789 40.70048761323581),86,86,Myrtle Avenue,Weirfield Street,Centre Street,N,426,3161,3816,308,2797,5540,366,2892,2139,354,2980,2517,393,2719,2404,393,3305,2032,586,3877,3738,389,3363,2345,330,3107,2470,407,2949,2507,499,1704,2747,438,"2,654","3,476",406,"3,181","2,886",414,"2,953","3,020",454,"3,287","3,050",522,"2,789","2,535","1,139","2,415","2,466",1046,1948,2672,868,"2,668","1,297",934,"2,761","1,470",936,"2,820","2,164",880,"2,624","1,311","1,286","1,796","1,083","1,922","1,232",-,-,-
Queens,POINT (-73.80439743099372 40.76247070217478),87,87,Northern Boulevard,50' East of 161st Street,,N,302,706,596,306,912,545,174,556,456,254,540,440,104,511,304,114,672,421,258,692,614,234,816,462,314,1145,628,388,860,756,203,522,116,236,567,327,280,888,609,299,"1,030",571,243,947,562,307,965,415,306,946,640,301,1020,732,274,"1,145",850,357,725,594,288,"1,330",721,283,"1,245",659,278,"1,029",726,"1,027",619,-,-,-
Queens,POINT (-73.83274555228842 40.76053254069107),88,88,Prince Street,37th Avenue,38th Avenue,N,368,1048,1051,339,1011,1102,358,995,643,296,1060,1361,208,1007,856,256,1169,1164,278,913,1222,316,831,1065,252,1130,1319,255,835,1419,242,760,1208,312,"1,058","1,630",293,"1,210","1,442",296,"1,256","1,435",271,"1,360","1,509",372,"1,630","1,277",459,"2,163","1,694",376,1506,1676,330,"1,881","1,610",358,"1,985","2,005",349,"1,899","1,753",347,"2,299","1,754",354,"1,768","1,977","2,110","1,999",-,-,-
Queens,POINT (-73.82971390855914 40.71371948716977),89,89,Queens Boulevard,50' East of 80th Road,,N,6569,9070,2703,6876,8687,2452,3220,5656,1495,2356,4746,2273,1661,4302,954,1786,4323,1119,1769,5062,1212,2286,6977,1170,2415,4837,1033,2989,4926,1131,1634,2729,1071,"1,574","1,904","1,188","2,080","4,468","1,178","1,537","2,337","1,234","1,626","2,337",791,"1,704","2,503",648,"1,824","2,704",821,1947,2509,586,"1,561","2,338",754,"1,799","2,061",576,"1,695","2,496",788,"1,368","1,840",682,"1,682","2,433",941,"2,429",626,-,-,-
Queens,POINT (-73.8713031803217 40.73382228902954),90,90,Queens Boulevard,Woodhaven Boulevard,90th Street,N,434,2645,1790,395,2795,2180,481,3236,2362,612,2631,2014,368,2527,2591,322,3210,3145,365,2593,2092,492,2493,2529,356,2350,1985,444,2741,2811,1063,2576,2171,539,"2,286","2,181",382,"2,419","2,121",426,"2,290","2,182",383,"2,269","2,169",425,"2,108","1,656",331,"1,889","1,745",436,2035,1890,388,"2,028","1,632",455,"1,881","1,744",422,"2,045","1,584","1,066","1,950","1,957",452,"2,231","1,810","1,693","1,602",-,-,-
Queens,POINT (-73.9399858877832 40.75066362916967),91,91,Queens Plaza North & South,Crescent Street,27th Street,N,5036,6091,2204,5724,6082,1627,4996,6281,2758,5296,6031,1458,1952,2141,806,4255,5306,1297,4392,5254,2511,4687,5552,1088,4461,6346,1750,5250,7292,1007,2892,3350,1658,"3,868","4,027","1,811","5,298","8,052","2,443","5,780","7,274","2,341","4,787","7,410","2,584","5,338","6,707","1,655","4,221","6,634","2,653",5651,7769,2262,"6,222","8,748","4,257","5,493","9,476","1,952","6,045","10,126","2,665","5,531","8,837","4,890","6,879","12,100","4,082","10,531","3,578",-,-,-
Queens,POINT (-73.82818894237838 40.76005352048364),92,92,Roosevelt Avenue,Main Street,Union Street,N,7893,10566,4690,9198,12958,5163,3211,13346,7747,9044,13012,7078,9175,13802,8087,8688,15500,9745,10891,14219,7738,9123,14574,7311,9253,12881,8963,10759,14081,9210,3439,8189,7573,"4,331","13,446","10,237","4,380","9,307","6,221","3,491","12,451","8,076","3,029","13,480","7,503","3,955","12,683","7,966","4,236","14,272","8,461",3759,12940,8029,"3,485","12,573","7,617","3,749","11,927","8,070","3,516","11,835","7,373","3,415","12,440","8,216","3,266","12,760","7,344","12,321","7,303",-,-,-
Queens,POINT (-73.91804029865675 40.76015497952585),93,93,Steinway Street,31st Avenue,Broadway,N,1115,6495,4356,1127,5199,4348,1230,6034,4652,1127,5360,3893,995,5290,5311,1113,5796,3956,1026,5626,4956,1013,5506,3804,1124,5991,3917,1050,6733,3790,1120,4213,4488,"1,212","5,692","4,250","1,160","5,949","4,499","1,179","5,489","3,923","1,102","5,743","4,660","1,096","5,493","3,644",951,"5,907","4,299",1020,4615,3609,"1,081","5,044","3,570","1,047","4,622","3,362",964,"4,891","3,270","1,054","4,770","3,428","1,186","5,810","3,853","4,367","3,582",-,-,-
Queens,POINT (-73.8086047835953 40.70340462655149),94,94,Sutphin Boulevard,89th Avenue,90th Avenue,N,1076,2166,806,832,1664,812,320,1862,955,1424,2686,830,1093,2412,871,1148,2463,977,1192,2559,1610,1441,2823,1216,912,2254,1111,847,2789,1362,876,1310,1162,"1,514","1,975","1,038","1,249","2,761",967,"1,363","2,135","1,264","1,083","2,180","1,157","1,569","2,727","1,098","1,099","2,446","1,053",1257,2552,914,"1,059","2,443",734,"1,315","2,482","1,015","1,448","2,938","1,025","1,265","2,730",942,"1,411","3,385","1,179","2,468",841,-,-,-
Queens,POINT (-73.84840699076847 40.72272482164009),95,95,Yellowstone Boulevard,Queens Boulevard,Gerard Place,N,245,1272,776,242,1321,867,184,620,399,197,1444,333,195,564,344,188,540,381,263,652,431,225,671,426,258,1257,795,243,604,347,268,434,843,462,"1,080","1,051",334,713,444,421,705,439,251,687,356,357,768,399,281,887,468,343,992,429,352,689,456,354,718,467,339,876,470,288,781,369,307,557,321,528,361,-,-,-
Staten Island,POINT (-74.10857607699721 40.63017169829426),96,96,Forest Avenue,Regan Avenue,Davis Avenue,N,147,228,152,155,204,85,116,240,174,150,156,138,184,214,179,183,266,155,168,253,193,166,218,198,191,319,149,91,158,143,106,241,235,172,429,215,135,527,308,236,347,194,273,344,205,208,268,231,233,289,242,197,248,217,205,304,191,203,348,210,221,325,246,228,368,247,269,332,247,287,213,-,-,-
Staten Island,POINT (-74.1108725293572 40.57107102644234),97,97,New Dorp Lane,Hylan Boulevard,Clawson Street,N,240,347,432,330,314,348,235,571,389,425,728,567,413,814,704,675,880,684,541,909,578,580,846,574,376,689,484,502,752,428,462,544,439,611,578,719,513,770,476,603,608,454,425,462,386,365,461,431,496,616,484,515,708,405,530,559,411,529,571,403,555,545,363,531,654,420,603,636,364,502,409,-,-,-
Staten Island,POINT (-74.0752448014028 40.64298352630171),98,98,Pedestrian Walkway from Ferry Terminal,50' north of Richmond Terrace,,Y,840,1268,787,992,1465,669,1001,1871,753,1449,2078,883,1234,1981,737,1044,1439,770,741,1688,804,1213,1852,647,781,1624,838,1037,1407,654,1055,1053,741,"1,206","2,113",943,"1,153","1,738",907,"1,068","1,863",612,933,"1,771",829,"1,088","1,462",860,914,"2,046",470,947,2085,1032,"1,090","1,660",996,"1,148","1,758","1,056","1,105","1,687",992,"1,086","1,679","1,005","1,656","2,244","1,333","1,950","1,114","1,358","2,139","1,151"
Staten Island,POINT (-74.16614928494091 40.588135306833195),99,99,Richmond Hill Road,400' west of Richmond Terrace,,N,134,129,112,138,193,84,129,148,134,123,263,151,152,196,137,183,223,160,139,265,184,141,245,138,150,198,111,100,140,102,77,84,90,93,161,113,124,186,163,170,194,100,142,233,137,158,231,159,149,234,151,167,239,165,129,199,203,138,216,200,131,224,159,169,277,219,209,358,195,246,186,-,-,-
Staten Island,POINT (-74.07740338696911 40.637932807120656),100,100,Victory Boulevard,Bay Street,Van Duzer Street,Y,715,1037,486,725,1176,503,925,1586,735,923,1157,556,752,1402,631,549,825,519,546,1397,939,699,1080,712,667,1215,514,396,716,489,587,838,678,619,"1,136",559,586,"1,119",600,875,"1,535",574,826,"1,186",729,771,"1,118",705,883,"1,099",618,936,1138,571,579,693,471,588,637,489,612,699,492,634,717,502,632,735,305,629,420,383,"1,139",522
East River Bridges,POINT (-73.99669788343083 40.70597016498041),101,101,Brooklyn Bridge,midpoint,,N,582,1514,1699,708,1656,1327,673,2641,1023,529,2361,1436,653,2670,2302,1259,3735,2455,647,4176,2778,527,2360,2217,654,3949,2979,646,1956,2140,255,496,1458,614,"2,947","2,848",662,"2,675","1,886",641,"4,984","3,356",618,"6,493","6,049",462,"3,760","3,265",631,"3,173","3,835",1698,3356,3308,365,"3,243","5,174",604,"3,257","3,450",598,"3,934","4,713",768,"4,015","7,032",507,"4,813","6,037","3,995","4,884",-,-,-
East River Bridges,POINT (-73.99094199014799 40.70806538980725),102,102,Manhattan Bridge - North Path,midpoint,,N,-,-,-,-,-,-,-,-,-,-,-,-,14,12,28,-,-,-,13,36,32,0,0,3,9,24,10,150,178,115,9,23,109,6,41,8,10,24,18,8,10,34,6,14,20,3,5,6,3,2,7,8,7,3,5,14,13,5,3,9,3,5,5,3,4,5,0,0,2,2,2,-,-,-
East River Bridges,POINT (-73.99114419929703 40.7079484786702),103,103,Manhattan Bridge - South Path,midpoint,,N,82,131,158,64,136,93,62,211,78,75,207,85,97,221,163,90,198,205,60,235,95,75,245,176,52,237,302,72,102,92,80,144,245,104,305,274,134,313,195,128,312,330,144,452,415,124,283,201,142,351,260,176,381,184,109,277,385,231,260,222,191,542,465,176,522,210,164,622,477,636,520,-,-,-
East River Bridges,POINT (-73.97202493782653 40.713533723015956),104,104,Williamsburg Bridge,midpoint,,N,130,345,370,161,289,312,203,497,455,232,382,315,328,539,507,130,383,343,104,402,468,269,547,396,256,647,582,224,304,443,269,377,305,374,776,720,385,861,"1,086",400,838,800,394,830,973,263,713,578,374,906,"1,093",430,812,765,443,940,819,423,923,731,442,979,"1,077",401,538,713,425,930,"1,019",777,997,-,-,-
East River Bridges,POINT (-73.95460085520162 40.75686986008735),105,105,Queensboro Bridge,midpoint,,N,35,107,103,28,114,68,17,70,94,94,196,165,345,506,82,54,154,94,91,230,95,90,243,164,87,272,95,112,114,128,117,185,111,107,278,120,142,379,226,130,414,197,127,729,250,142,374,224,133,332,207,167,317,216,161,373,209,260,334,218,212,403,227,222,399,227,186,427,214,413,223,-,-,-
Harlem River Bridges,POINT (-73.91119970135458 40.87354735900006),106,106,Broadway Bridge,midpoint,,N,360,782,455,271,684,410,314,743,652,420,814,751,354,584,683,541,924,449,406,776,689,427,926,601,352,1266,512,730,1117,834,497,709,795,529,"1,084",905,478,976,623,537,998,778,473,978,739,530,818,594,540,925,521,566,972,644,500,981,563,425,"1,034",614,519,"1,081",415,521,796,538,481,"1,046","1,442",973,588,-,-,-
Harlem River Bridges,POINT (-73.91488962537817 40.862769583385514),107,107,University Heights Bridge,midpoint,,N,192,480,321,124,343,172,181,419,331,223,487,272,162,455,245,216,558,308,184,538,386,259,548,281,186,682,319,265,531,265,222,327,369,272,527,351,258,610,348,264,579,298,317,511,346,284,535,190,315,793,322,302,606,290,321,840,296,368,638,320,331,653,207,339,613,290,363,838,326,966,291,-,-,-
Harlem River Bridges,POINT (-73.93380588837293 40.82809995999485),108,108,Macombs Dam Bridge,midpoint,,N,103,197,297,224,351,148,129,304,213,209,297,168,151,183,293,265,478,396,166,380,322,251,409,373,222,407,286,275,472,389,275,382,320,258,460,372,267,485,479,253,465,408,247,476,402,404,664,585,259,498,411,423,690,590,270,518,418,449,714,608,267,497,410,459,725,605,251,455,372,420,314,-,-,-
Harlem River Bridges,POINT (-73.93330492386069 40.81949494541149),109,109,145th Street Bridge,midpoint,,N,132,200,135,158,338,122,7,23,8,89,135,99,72,157,58,92,216,299,70,159,216,113,197,236,128,201,290,117,219,261,79,286,351,325,836,497,250,897,494,353,873,533,124,493,292,197,526,386,136,505,323,193,539,394,112,456,293,208,563,389,133,457,278,235,589,416,162,502,365,493,284,-,-,-
Harlem River Bridges,POINT (-73.9331330278822 40.81413106797771),110,110,Madison Avenue Bridge,midpoint,,N,145,305,113,303,513,197,174,148,144,290,362,118,272,331,251,214,242,162,313,367,199,256,346,164,350,392,240,295,473,231,407,412,263,418,458,170,266,354,194,341,431,211,344,501,194,348,458,182,356,542,193,381,500,223,238,391,206,410,540,251,253,452,237,449,589,277,428,515,239,496,152,-,-,-
Harlem River Bridges,POINT (-73.93252967704328 40.80755481010346),111,111,Third Avenue Bridge,midpoint,,N,49,126,400,88,190,65,60,130,46,66,147,73,99,153,53,138,166,131,96,188,106,116,201,131,145,210,166,178,230,139,208,191,137,202,374,166,179,332,184,176,318,168,203,342,200,196,360,188,217,364,210,198,325,221,185,324,175,214,342,247,190,352,185,229,349,251,91,382,193,377,71,-,-,-
Harlem River Bridges,POINT (-73.92896107917844 40.80376927982204),112,112,Willis Avenue Bridge,midpoint,,N,57,118,127,125,214,85,218,193,100,146,178,82,83,110,78,66,110,79,66,102,71,78,118,50,71,87,29,61,102,60,82,114,71,134,213,126,152,331,108,176,349,144,127,309,108,168,351,148,133,319,122,168,338,162,101,242,123,227,393,158,109,237,144,273,458,181,111,216,160,202,203,-,-,-
Harlem River Bridges,POINT (-73.92785197149036 40.80034506063929),113,113,Triborough Bridge (Manhattan span),midpoint,,N,17,35,34,11,44,24,30,44,16,30,200,23,37,44,23,20,174,66,12,39,55,36,205,64,10,45,11,7,119,39,26,21,49,6,33,15,12,42,16,13,31,40,14,32,10,21,42,20,19,36,14,17,40,28,10,18,8,21,43,21,7,19,5,16,38,24,6,14,4,15,6,-,-,-
Harlem River Bridges,POINT (-73.93686603590555 40.786112243508505),114,114,Wards Island Bridge,midpoint,,N,57,207,71,63,186,149,45,203,113,80,190,120,33,213,324,43,151,173,37,169,674,77,205,913,32,66,70,62,189,936,78,249,439,102,460,569,191,455,435,92,514,594,164,527,312,123,458,564,189,539,312,117,424,581,160,484,300,159,490,587,169,493,312,178,519,608,187,543,351,490,263,-,-,-
